index,value,rolling_mean,rolling_std,segment_id
2017-01-09,-0.1448364009524976,-0.1448364009524976,0.0,0
2017-01-10,-0.125572133894424,-0.1352042674234608,0.013621893871352467,0
2017-01-11,0.007766596615002008,-0.0875473127439732,0.08310435598865683,0
2017-01-12,0.7968231194673701,0.1335452953088626,0.44736113823019147,0
2017-01-13,-0.019721130679728804,0.10289201011114432,0.39344263935931323,0
2017-01-16,0.05799642613047551,0.14345857552773894,0.37135106655577443,0
2017-01-17,-0.5520304428195292,0.058166913742717916,0.4812900821509953,0
2017-01-18,-0.12480131562191044,0.03165333129533543,0.48836024188782234,0
2017-01-19,-0.005390701702640444,-0.12878943293866668,0.2455407074708846,0
2017-01-20,-0.11390023105446234,-0.14762525301361337,0.23859631665578623,0
2017-01-23,-0.1093460242038582,-0.18109374308048012,0.21289500614991422,0
2017-01-24,0.07337596429241522,-0.05601246165809124,0.08693574713560494,0
2017-01-25,-0.11376257233736586,-0.05380471300118232,0.08486768319457026,0
2017-01-26,-0.13406364271348736,-0.0795393012033517,0.08601791784583165,0
2017-01-27,-0.19930033761473198,-0.09661932251540564,0.10161166943826248,0
2017-01-30,-0.15779850851935473,-0.10630981937850495,0.10536973080668513,0
2017-01-31,-0.026999944182537705,-0.12638500107349554,0.0640295469506577,0
2017-02-01,0.09330864428340202,-0.08497075774934196,0.11824699349589032,0
2017-02-02,0.083316045909259,-0.04149482002479268,0.1345259798418597,0
2017-02-03,0.006791198940685694,-0.00027651271370914275,0.10164050738682028,0
2017-02-06,-0.0322822404079951,0.024826740908562784,0.05996559784144465,0
2017-02-07,-0.041289291328350575,0.021968871479400208,0.06330082748427789,0
2017-02-08,0.196943764668274,0.04269589555637461,0.09925570697455016,0
2017-02-09,0.42931528901663185,0.11189574417784917,0.2020447011225377,0
2017-02-10,0.1835528843680576,0.14724808126332356,0.19437533706111326,0
2017-02-13,-0.1904698878511033,0.11561055177470192,0.23871777820950746,0
2017-02-14,-0.08617777074911226,0.10663285589054958,0.2468008720392845,0
2017-02-15,0.03417054931733854,0.07407821282036249,0.2426099665409071,0
2017-02-16,0.2700950947471279,0.042234173966461695,0.18881035929146867,0
2017-02-17,0.08408639052724065,0.022340875198298304,0.17492807132159857,0
2017-02-20,-0.024758518281548403,0.055483149112209286,0.13586500739774243,0
2017-02-21,0.1310689302226371,0.09893248930655915,0.11185187662065671,0
2017-02-22,0.013166945541136288,0.0947317685513187,0.11523536627935037,0
2017-02-27,-0.11850250987022548,0.01701224762784803,0.0969944588916991,0
2017-02-28,-0.2106711286581786,-0.04193925620923582,0.1299962310903875,0
2017-03-01,-0.19766795652191183,-0.0765211438573085,0.14626414117072364,0
2017-03-02,0.16274981007821465,-0.070184967886193,0.15774109394879535,0
2017-03-03,0.06879243173102922,-0.059059870648214406,0.16679129778726948,0
2017-03-06,-0.08873854785259172,-0.053107078244687654,0.16465689015811974,0
2017-03-07,0.05194142233382271,-0.0005845680462873926,0.14218232398012362,0
2017-03-09,0.2926562479672241,0.09748027285153979,0.14135770413317658,0
2017-03-10,0.1168507219637045,0.08830045522863776,0.13749705326141057,0
2017-03-13,-0.16965653523289959,0.040610661835852005,0.1805626086709553,0
2017-03-14,0.3533655382045322,0.1290314790472768,0.20760817220422986,0
2017-03-15,0.009018570470338272,0.1204469086745799,0.21242431581772764,0
2017-03-16,0.0417587133983256,0.0702674017608002,0.19002777479107713,0
2017-03-17,0.05989479180798685,0.058876215729656664,0.18823589621026035,0
2017-03-20,-0.11850250987022548,0.06910702080219149,0.1735249676985153,0
2017-03-21,0.09107383520705636,0.01664868020269632,0.08118482984237398,0
2017-03-22,0.023753205583468384,0.01959560722532234,0.08110601117999154,0
2017-03-23,0.0793352480158942,0.02711091414883606,0.0853052788722558,0
2017-03-24,-0.017276124155590766,0.01167673095612054,0.08487095924818792,0
2017-03-27,1.3561953907370246,0.30661631107757054,0.5883556175988843,0
2017-03-28,-1.2508598264079351,0.038229578754572245,0.9224648368011046,0
2017-03-29,0.33658306202151844,0.10079555004218226,0.931799097488224,0
2017-03-30,-0.03950083662340842,0.07702833311432174,0.9339963009650194,0
2017-03-31,-0.03950083662340842,0.0725833906207582,0.9346099841692379,0
2017-04-03,-0.05822854689810142,-0.21030139690626698,0.6048380508696518,0
2017-04-04,-0.21511312552168738,-0.0031520567290174383,0.20372980449920627,0
2017-04-05,0.042070045496471975,-0.06205466003402673,0.0939425851276389,0
2017-04-06,0.25427420308553594,-0.003299652092237859,0.17146089722057184,0
2017-04-07,0.034759948200075774,0.01155250487245898,0.17075598941410872,0
2017-04-10,0.08928117470320251,0.041054449192719764,0.16841240973963076,0
2017-04-11,0.12463439719992975,0.10900395373704319,0.08906327042048325,0
2017-04-12,0.0006010286005535548,0.1007101503578595,0.0983058680665807,0
2017-04-13,0.15714753065004783,0.08128481587076189,0.06397795770754616,0
2017-04-14,-0.015037690429808848,0.07132528814478496,0.07581262631537768,0
2017-04-17,-0.14848014344739946,0.023773024514664565,0.12214350397066327,0
2017-04-18,-0.07066338220838952,-0.01528653136699929,0.11268664088454294,0
2017-04-19,0.11004375168198366,0.006602013249286731,0.12634559697085576,0
2017-04-20,0.12466872866739998,0.00010625285275716046,0.11717258794210457,0
2017-04-21,-0.08716249195073311,-0.014318707451427692,0.12375758447742255,0
2017-04-24,-0.1304687508505702,-0.01071642893206184,0.11904874892581982,0
2017-04-25,-0.18608390304225697,-0.03380053309883533,0.14246591954391677,0
2017-04-26,-0.05556632468085887,-0.06692254837140384,0.11777455674558968,0
2017-04-27,0.026333891082272354,-0.08658951588842936,0.07990460386003943,0
2017-04-28,-0.4345092028574933,-0.1560588580697814,0.17496915130649024,0
2017-05-02,-0.16562766417618358,-0.16309064073490406,0.17438914405806452,0
2017-05-03,-0.07562813220891929,-0.14099948656823652,0.17771268883035854,0
2017-05-04,0.2787425475760684,-0.07413771211685108,0.2611796626600392,0
2017-05-05,0.21026717256243266,-0.03735105582081901,0.29020879109775005,0
2017-05-10,-0.1707809077713205,0.015394603196415547,0.21391761184494978,0
2017-05-11,-0.13166945541136177,0.02218624494937991,0.20716607027380135,0
2017-05-12,0.08741823891925926,0.054795519175015614,0.20065010560772525,0
2017-05-15,-0.011532936131661842,-0.003259577566530436,0.15687342085812514,0
2017-05-16,0.123929827597556,-0.02052704655950577,0.12993241033818553,0
2017-05-17,-0.07734477963332442,-0.001839820931906555,0.10774471564706423,0
2017-05-18,0.1312299149211087,0.050740053134587536,0.09146625036884821,0
2017-05-19,0.010207822066390593,0.0352979697640138,0.09023522396345478,0
2017-05-22,0.028096052318655085,0.04322376745407719,0.08676725346825903,0
2017-05-23,-0.8932644425385672,-0.16021508657314745,0.4164354955360712,0
2017-05-24,0.010601268332539604,-0.14262587697997464,0.42262214968867134,0
2017-05-25,-0.09216861878795313,-0.18730558372178702,0.3974938630984477,0
2017-05-26,0.6950037035580874,-0.05034640742344765,0.5651713319641192,0
2017-05-29,-0.06583472770568077,-0.06913256342831482,0.5634706310412203,0
2017-05-30,0.028794713122547888,0.1152792677039082,0.32800700762450946,0
2017-05-31,0.026333891082272354,0.11842579225385474,0.32682513734005963,0
2017-06-01,0.035597872350384585,0.1439790904815223,0.3108473438407205,0
2017-06-02,-0.14530446075712,-0.02408254238151919,0.07958889886382989,0
2017-06-05,0.06567201406875722,0.0022188059733684097,0.08395147718659383,0
2017-06-06,0.24654370473142473,0.045768604295143775,0.1393707777210137,0
2017-06-07,-0.09959468242983727,0.020582889592721854,0.15433569795635776,0
2017-06-08,0.1856414003974325,0.05059159520213143,0.17160585718063295,0
2017-06-09,0.207323031570681,0.12111709366769163,0.14063652584897618,0
2017-06-13,0.321760670980727,0.1723348250500856,0.16060972716255661,0
2017-06-14,-0.07900167324681706,0.10722574945443723,0.18684823839476902,0
2017-06-15,0.3349103145102419,0.19412674884245307,0.1665500738603763,0
2017-06-16,0.07195258316635833,0.17138898539623823,0.17551723889644252,0
2017-06-19,-0.12708415721524635,0.10450754763905276,0.2171718974700058,0
2017-06-20,0.10278600248748115,0.060712613940403594,0.18156857880050556,0
2017-06-21,-0.14183747182633943,0.04814545422449912,0.19531089505823665,0
2017-06-22,-0.05266836024612176,-0.029370280726773612,0.11232906701076249,0
2017-06-23,-0.006059442927006442,-0.04497268594544657,0.09941224063265051,0
2017-06-26,-0.17488892307296955,-0.0545336391169912,0.11091669191104345,0
2017-06-27,0.259136410454724,-0.023263557523542634,0.17172681104549117,0
2017-06-28,0.35550752961067644,0.07620544276386054,0.22242849622535407,0
2017-06-29,-0.11850250987022548,0.0630386128390398,0.23363093031405613,0
2017-06-30,-0.3160066929872678,0.0010491628269875264,0.29069786264778985,0
2017-07-03,-0.2443769238905762,-0.012848437336533802,0.3026280831779348,0
2017-07-04,0.3663434308060476,0.008592966733730912,0.3293353432698613,0
2017-07-05,0.11159992981483335,-0.040188553225437705,0.2793786008117681,0
2017-07-06,0.06373330139403421,-0.0037413909725857674,0.2784934057778233,0
2017-07-07,0.10764499020931062,0.08098894566672991,0.21750601461933453,0
2017-07-10,0.324939995503307,0.19485232954550655,0.13969634952666315,0
2017-07-11,0.20963362185656442,0.16351036775560993,0.10483078773783215,0
2017-07-12,0.05632617249135263,0.15245561629091378,0.11417168730518294,0
2017-07-13,0.33448272796067213,0.20660550160424135,0.12524163300734986,0
2017-07-14,-0.4218286899607808,0.10071076557022307,0.31297353772613734,0
2017-07-17,-0.09353932546937105,0.017014901375687463,0.2933594651461802,0
2017-07-18,-0.10940420398543327,-0.046792663792712075,0.27511901743628603,0
2017-07-19,0.07997013552224219,-0.042063871186534166,0.2775272061061997,0
2017-07-20,1.0509195136844336,0.10122348595821813,0.5608596984102807,0
2017-07-21,-0.03286095744815909,0.17901703246074246,0.49304925845352426,0
2017-07-24,-0.8690184057149868,0.023921216411619328,0.6848737175002827,0
2017-07-25,0.026333891082272354,0.051068835425160455,0.6809466247208958,0
2017-07-26,-0.5560874870184492,-0.07614268908297783,0.7317176500831187,0
2017-07-27,0.19271348527108478,-0.24778389476564758,0.4461932860075933,0
2017-07-28,-0.24426017153110746,-0.29006373758223725,0.4304754394882171,0
2017-07-31,-0.026333891082272354,-0.12152683465569436,0.28878101649525584,0
2017-08-01,-0.15392685332045342,-0.1575789835362395,0.27670656016406914,0
2017-08-02,0.21481969151595393,-0.0033975478293588822,0.20449832028720333,0
2017-08-03,0.3186588320366167,0.021791521523747505,0.23946115574108603,0
2017-08-04,0.18457908874262086,0.10755937357849317,0.19255015377083406,0
2017-08-07,0.16489677657523072,0.1458055071099938,0.1777277304467658,0
2017-08-08,0.058187104002845436,0.18822829857465356,0.09379181090932477,0
2017-08-09,-0.09817655529689251,0.12562904921208426,0.1556558087684487,0
2017-08-10,-0.08583235925150112,0.0447308109544607,0.13383546676761404,0
2017-08-11,0.11675803438292509,0.031166600082521544,0.1186993783589744,0
2017-08-14,-0.034560370012364894,-0.008724829234997577,0.09332445220752392,0
2017-08-15,0.00953124865563959,-0.018456000304438745,0.08692009640719957,0
2017-08-16,-0.1799466756602841,-0.03481002437711707,0.11023499156288914,0
2017-08-17,0.1818841090477451,0.018733269282732178,0.14020133806821788,0
2017-08-18,0.11557570458430877,0.018496803323008914,0.13999552127292894,0
2017-08-21,0.0786879023801843,0.04114645780151875,0.1384177142107431,0
2017-08-22,-0.07648109322170726,0.023943989426049382,0.14831971307672376,0
2017-08-23,0.06863336262562969,0.07365999708323215,0.09495035390853651,0
2017-08-24,-0.006607554468782473,0.03596166437992663,0.07695271081649374,0
2017-08-25,-0.23054466167643883,-0.03326240887222289,0.12689980659001182,0
2017-08-28,-0.026333891082272354,-0.05426676756471423,0.1114937895122081,0
2017-08-29,-0.05678640128144807,-0.050327829176662384,0.11085887031572789,0
2017-08-30,-0.10028354100895354,-0.08411120990357904,0.08915713717037418,0
2017-08-31,0.23736375975519186,-0.035316947058784166,0.17119500541209215,0
2017-09-01,-0.26553160261919606,-0.04231433524733561,0.18157025457439696,0
2017-09-04,-0.047458694419634684,-0.04653929591480808,0.18135108750516069,0
2017-09-05,0.10117411690408695,-0.014947192277701072,0.19253364112171378,0
2017-09-06,0.1571907254337418,0.03654766101083799,0.19834778961306088,0
2017-09-07,0.244678800015113,0.038010669062822224,0.20021747309055107,0
2017-09-08,0.11963230987626639,0.11504345156191471,0.10630390371065683,0
2017-09-11,0.2758372250966554,0.17970263546517273,0.0770482310313715,0
2017-09-12,-0.20867720200369644,0.11773237168361605,0.19314264261124617,0
2017-09-13,-0.04267765140766544,0.07775869631533461,0.20334776971647237,0
2017-09-14,0.11530007806923614,0.051882951926159236,0.18411988307963348,0
2017-09-15,0.1696754822305282,0.0618915863970116,0.18998997753436223,0
2017-09-18,-0.032478614722348365,0.00022841843321084188,0.1487498179646619,0
2017-09-19,0.16650366334091693,0.07526459150213352,0.10530882661596097,0
2017-09-20,0.09201604809685593,0.10220333140303779,0.0823127510643553,0
2017-09-21,0.3028397474461315,0.13971126527841687,0.12262827681912303,0
2017-09-22,-0.3415226630770629,0.03747163621689864,0.24422034510469204,0
2017-09-25,-0.013166945541136066,0.0413339700531411,0.24298711287582114,0
2017-09-26,-0.004049509374833393,0.0072233355099910355,0.2327796593548607,0
2017-09-27,-0.00022234843181556663,-0.011224343795743264,0.22798548691755932,0
2017-09-28,0.5135108761043103,0.030909881935892503,0.3064897476613603,0
2017-09-29,0.1448364009524976,0.1281816947418046,0.2251155730973365,0
2017-10-02,-0.24651353430841838,0.08151237698834815,0.2793899763185262,0
2017-10-03,-0.12312296278391388,0.05769768630653205,0.29323801079217066,0
2017-10-04,0.1672384748496447,0.0911898509628241,0.2945292652509812,0
2017-10-05,0.24325500359042684,0.037138676460047405,0.21044658906631367,0
2017-10-06,-0.14540150608336266,-0.020908904947124652,0.21332227804697404,0
2017-10-09,-0.028013177957051827,0.02279116632314866,0.17437754873063507,0
2017-10-10,0.31432665583359753,0.11028109004665095,0.19174181391295647,0
2017-10-11,0.026078141203851102,0.08204902331749223,0.19165100949496183,0
2017-10-12,0.19087201048918345,0.07157242469724354,0.18181495856344929,0
2017-10-13,-0.0017434349167613217,0.1003040389305638,0.1469665922752571,0
2017-10-16,0.2152160150888771,0.1489498775397496,0.13351412193554402,0
2017-10-17,-0.09741531747829213,0.06660148287737166,0.1329888369609915,0
2017-10-18,-0.05800783093052786,0.04978428845049587,0.1442353742587777,0
2017-10-19,0.12609836103785743,0.036829558560230666,0.1306659289777113,0
2017-10-20,0.17315762094351284,0.0718097697322855,0.14077795360214382,0
2017-10-23,0.0,0.028766566714510076,0.11683474876209901,0
2017-10-24,0.045288352380860486,0.0573073006863406,0.0933804959535398,0
2017-10-25,0.11850250987022548,0.09260936884649126,0.06909370822195093,0
2017-10-26,-0.0966230709630973,0.048065082446300325,0.10471652029076568,0
2017-10-27,0.05266778216454471,0.023967114690506698,0.079579645473024,0
2017-10-30,-0.2765058563638594,-0.03133405658226518,0.1579162483101379,0
2017-10-31,0.5661786582688548,0.07284400459533369,0.31489493272408425,0
2017-11-01,-0.5729814507050897,-0.06545278751972934,0.423087189798007,0
2017-11-02,0.3627678365896858,0.026425393990827283,0.46265656696922136,0
2017-11-03,-0.4624015775916126,-0.07658847796040417,0.5102470607402991,0
2017-11-07,-0.39500836623408464,-0.10028897993444923,0.5244101329274308,0
2017-11-08,-0.1670103888554748,-0.24692678935931517,0.3717470066925094,0
2017-11-09,-0.11511059672987534,-0.1553526185642723,0.32477610388134237,0
2017-11-13,-0.06583472770568077,-0.24107313142334563,0.1765946528919344,0
2017-11-14,0.15950382990837553,-0.11669204992334799,0.19928938720554196,0
2017-11-15,0.1468303279493206,-0.008324311086666935,0.15176567219158432,0
2017-11-16,-0.21799168046983364,-0.018520569409538702,0.16612539925499742,0
2017-11-17,0.02749539910771892,0.010000629757980151,0.15740960507669208,0
2017-11-20,-0.14941782065363385,-0.0067159888316104645,0.17130174348663998,0
2017-11-21,0.062239345769050436,-0.026168885659475484,0.15216018150226418,0
2017-11-22,-0.034905817389902616,-0.06251611472732013,0.11848299888745256,0
2017-11-23,0.12266593328507902,0.005615408023662405,0.10375825449419672,0
2017-11-24,0.038970407446809574,0.007910409691480536,0.10448754509047153,0
2017-11-27,-0.44767614839862957,-0.05174125585751861,0.22841077150123246,0
2017-11-28,0.052667782164544485,-0.0536555685784198,0.22725386072557924,0
2017-11-29,0.5052814480549224,0.054381884510545195,0.33921816280320327,0
2017-11-30,0.3686744751518125,0.10358359288389189,0.36820134728942777,0
2017-12-01,0.09736111291607874,0.11526173397774572,0.3665620306341692,0
2017-12-04,0.11850250987022548,0.22849746563151677,0.1977818734166163,0
2017-12-05,0.18061707322056453,0.2540873238427207,0.17647445139575388,0
2017-12-06,0.2979152243076024,0.21261407909325677,0.11704184577738537,0
2017-12-07,0.21285218689208718,0.1814496214413117,0.07997541344935366,0
2017-12-08,0.3200912593941052,0.22599565073691696,0.08338637464207045,0
2017-12-11,0.013166945541136288,0.20492853787109916,0.12179420768576345,0
2017-12-12,0.09216861878795313,0.18723884698457688,0.1321877852933956,0
2017-12-13,-0.03031976944157444,0.12159184823474149,0.1444206453235647,0
2017-12-14,0.3143656877294556,0.1418945484022152,0.16598312925861486,0
2017-12-15,0.974353970044076,0.2727470905322093,0.41407254157831236,0
2017-12-18,-0.9348531334206676,0.08314307473984857,0.6886567203532896,0
2017-12-19,0.4345092028574933,0.1516111915537566,0.7065637965523357,0
2017-12-20,0.7110150592213529,0.2998781572863421,0.7360108595239686,0
2017-12-21,0.2238380741993149,0.28177263458031393,0.7366785420527895,0
2017-12-22,-0.11850250987022548,0.06320133859745362,0.634914428324418,0
2017-12-25,-0.9348531334206673,0.06320133859745365,0.6349144283244179,0
2017-12-26,-0.44767614839862935,-0.11323573165377085,0.6284786000815766,0
2017-12-27,0.23700501974045096,-0.20803773954995125,0.4945410794906673,0
2017-12-28,0.5398447671865827,-0.1448364009524977,0.5768715187529974,0
2017-12-29,0.18433723757590648,-0.08426845146327129,0.59591157577056,0
2018-01-06,-0.10685072776365213,0.08133202966813176,0.37427946972048454,0
2018-01-09,-0.566178658268855,0.057631527694086616,0.4174183618921776,0
2018-01-10,-0.19750418311704232,-0.029270312877412042,0.41596637099278166,0
2018-01-11,0.23700501974045074,-0.08983826236663843,0.3243378959763555,0
2018-01-12,0.40887710737867544,-0.04493028840608464,0.38217844905578097,0
2018-01-15,-2.3963840884867813,-0.5028369605507105,1.124872181496815,0
2018-01-16,-0.3478661246298862,-0.45917445382291666,1.1260352365344772,0
2018-01-17,-0.40705993361680015,-0.5010856039228683,1.117730209598961,0
2018-01-18,-0.17825371931031997,-0.5841373517330224,1.0632777128661783,0
2018-01-19,-0.003839424425423621,-0.6666806580938422,0.9796477632316934,0
2018-01-22,-0.11850250987022548,-0.21110434237053105,0.16561656609174352,0
2018-01-23,-0.1037778907603999,-0.16228669559663378,0.15051142548146057,0
2018-01-24,-0.16451459851524097,-0.11377762857632194,0.0688115803961755,0
2018-01-25,-0.1711702920347702,-0.11236094312121199,0.06720649325139584,0
2018-01-26,-0.41985408458752116,-0.1955638751536315,0.128674320938,0
2018-01-29,-0.3818414206929488,-0.24823165731817615,0.1424076165778817,0
2018-01-30,0.0022060116892534953,-0.22703487682824547,0.1737277575022388,0
2018-01-31,0.45660694473142116,-0.10281056817891306,0.3560281925617294,0
2018-02-01,0.012281594342661073,-0.0661201909034268,0.35667440709288467,0
2018-02-02,0.08669472877105999,0.03518957176828943,0.29823351705142725,0
2018-02-05,0.016310874496374916,0.11482003080615417,0.19397772377004394,0
2018-02-06,0.07327243221778401,0.12903331491186026,0.18610724575999252,0
2018-02-07,-0.09074131516298478,0.019563662932979085,0.07003929119959428,0
2018-02-08,-0.08679635471965308,-0.0002519268794837437,0.08502668122566212,0
2018-02-09,0.06583472770568077,-0.004423927092559588,0.08006066939758331,0
2018-02-12,-0.026333891082272354,-0.012952880208289042,0.0795695332027325,0
2018-02-13,0.09216861878795313,-0.009173642894255218,0.08495521515961676,0
2018-02-14,-0.19142857253710677,-0.029311094369079617,0.11554819751032946,0
2018-02-15,-0.18433723757590625,-0.04881927094033025,0.13437935941382445,0
2018-02-16,0.2520722752824456,-0.01157176142497729,0.18886804077398267,0
2018-02-19,-0.2383926420626401,-0.05398351162105084,0.21501195080213936,0
2018-02-20,-0.1448364009524976,-0.10138451556914099,0.20036222345499266,0
2018-02-21,0.12315849867139339,-0.03846710132744095,0.21395017546497824,0
2018-02-22,-0.065834727705681,-0.014766599353395905,0.19985058899169184,0
2018-02-26,-0.15800334649363412,-0.09678172370861185,0.13733390812240337,0
2018-02-27,-0.6320133859745358,-0.17550587249099098,0.2787804832516136,0
2018-02-28,-0.1580033464936339,-0.17813926159921825,0.2784803761528242,0
2018-03-01,0.14158572650323453,-0.17445381603285,0.28354060323734376,0
2018-03-02,-0.04125694053816442,-0.1695382585993467,0.2860959552776386,0
2018-03-05,0.17117029203476997,-0.10370353089366588,0.3246851505391056,0
2018-03-06,0.3687802292670064,0.09645519215464256,0.2034046561049904,0
2018-03-07,0.11850250987022548,0.15175636342741444,0.14657733036480344,0
2018-03-12,-0.19750418311704254,0.08393838150335901,0.2149550820888649,0
2018-03-13,-0.15307857714638984,0.06157405418171393,0.2360217699742283,0
2018-03-14,-0.017514896943105596,0.02383701638613882,0.2291006385508491,0
2018-03-15,0.05266778216454471,-0.03938547303435351,0.1339854352511865,0
2018-03-16,0.06322115316512389,-0.05044174437537383,0.11916027688824292,0
2018-03-19,-0.09216861878795313,-0.029374631509555948,0.09312805872751438,0
2018-03-20,0.0931097042975415,0.01986302477923032,0.07461459920374723,0
2018-03-21,0.04586331896142326,0.03253866796013609,0.07201545020406153,0
2018-03-22,0.035429194837646616,0.029090950494756473,0.0712190992654792,0
2018-03-23,0.1951461628730975,0.05547595243635119,0.10394380884298805,0
2018-03-26,-0.8558514601738505,-0.09726061584082828,0.428746340714559,0
2018-03-27,0.4740100394809019,-0.021080548804156198,0.49909567932363263,0
2018-03-28,-0.2106711286581786,-0.07238743832807656,0.5036583937682722,0
2018-03-29,0.8558514601738505,0.09169701473916421,0.6576609305078767,0
2018-03-30,-0.987520915585212,-0.1448364009524977,0.8068985266525333,0
2018-04-02,-0.26647883703968445,-0.02696187632566449,0.7148642142557193,0
2018-04-03,-0.1590346432502201,-0.1535708128718889,0.6577318261577367,0
2018-04-04,-0.2124366840829499,-0.15392392395684315,0.6577706176655576,0
2018-04-05,0.18433723757590625,-0.288226768476432,0.42872973964709005,0
2018-04-06,0.3686744751518125,-0.016987690329027093,0.2783390516797432,0
2018-04-09,-0.11271077363271731,0.013765922352366334,0.2510371803564642,0
2018-04-10,-0.10533556432908919,0.024505738136592514,0.24281014915312918,0
2018-04-11,-0.2319405909192347,0.020604956769335558,0.24767620085992786,0
2018-04-12,0.22057601304138208,0.027852711862430723,0.2541119417149744,0
2018-04-13,0.24179958668018875,0.0024777341681059715,0.21487546342956584,0
2018-04-16,-0.10533556432908942,0.003952776028831551,0.21391020043308673,0
2018-04-17,-1.5160695194739557,-0.27819401500014174,0.7217201802715737,0
2018-04-18,-0.11833324225448905,-0.2554725452671926,0.7253197287980029,0
2018-04-19,0.16320047285853634,-0.2669476533037618,0.7163032374021168,0
2018-04-20,-0.02629446446772077,-0.3205664635333437,0.6776940000296043,0
2018-04-23,-0.2572622784878136,-0.35095180636508855,0.6689811965372224,0
2018-04-24,0.0,-0.04773790247029737,0.15501442892258419,0
2018-04-25,-0.18433723757590625,-0.06093870153458081,0.165016865478313,0
2018-04-26,-0.10533556432908942,-0.11464590897210596,0.10750890061272823,0
2018-04-27,-0.2633389108227233,-0.16205479824310648,0.11101607089473135,0
2018-04-28,-0.18433723757590603,-0.14746979006072497,0.09958250659288638,0
2018-05-03,0.28967280190499545,-0.08953522967972587,0.2192207464945694,0
2018-05-04,-0.17117029203476997,-0.0869018405714986,0.2178721711165362,0
2018-05-07,0.09953548326333861,-0.04592763105301301,0.2323240065656873,0
2018-05-08,0.0010612983135158682,0.00695241077423483,0.19802561507326913,0
2018-05-10,0.4856981426409843,0.1409594868176129,0.2547905222760538,0
2018-05-11,0.0879320306726461,0.10061133257114303,0.2409508426174619,0
2018-05-14,0.22383807419931467,0.17961300581795997,0.18864151897987785,0
2018-05-15,0.13166945541136155,0.18603980024756456,0.1857566598443005,0
2018-05-16,-0.30178954570764027,0.1254696314433333,0.28435842020173113,0
2018-05-17,-0.11876603064290014,0.004576796786556425,0.21227925920633856,0
2018-05-18,-0.14526223822068474,-0.04206205699210974,0.2149870132958761,0
2018-05-21,0.052667782164544485,-0.07629611539906378,0.17123716917443765,0
2018-05-22,-0.027909078097394735,-0.10821182210081504,0.13349834970184635,0
2018-05-23,-0.029236017127652003,-0.05370111638481738,0.07936465680412183,0
2018-05-24,-0.3291736385284041,-0.09578263796191817,0.14831755635802296,0
2018-05-25,-0.4345092028574933,-0.15363203088927987,0.214211976620081,0
2018-05-28,-0.23700501974045096,-0.21156659127027896,0.18107764887001163,0
2018-05-29,0.16239746585460257,-0.1735052824798795,0.239808349220491,0
2018-05-30,0.10210674134763775,-0.14723673078482155,0.26539139027843234,0
2018-05-31,0.13166945541136155,-0.05506811199686843,0.2664313753053894,0
2018-06-01,0.45734901515089166,0.12330353160480856,0.24670643766607,0
2018-06-04,-0.17117029203476997,0.13647047714594476,0.22331704139267328,0
2018-06-05,0.0569010993209067,0.11537120383920559,0.2252305398803136,0
2018-06-06,0.04604994549631969,0.10415984466894197,0.22744021324291894,0
2018-06-07,0.14513298804668007,0.10685255119600567,0.2279265061663444,0
2018-06-08,0.19267235466944332,0.05391721909971601,0.1399182702110457,0
2018-06-09,0.18563822302913624,0.12527892211249725,0.06987857554079081,0
2018-06-13,0.10533556432908942,0.1349658151141338,0.06079698320696747,0
2018-06-14,0.4345092028574933,0.2126576665863685,0.12886541721232947,0
2018-06-15,0.3291736385284041,0.24946579668271332,0.1310223075596221,0
2018-06-18,-0.19750418311704232,0.1714304891254162,0.24226870514557908,0
2018-06-19,0.47043276949421386,0.2283893984184317,0.277378540624304,0
2018-06-20,0.3686744751518125,0.28105718058297635,0.27314080593844736,0
2018-06-21,0.8821853512561226,0.3705924102627022,0.38605322403216524,0
2018-06-22,0.013166945541136066,0.3073910716652486,0.41899098120347894,0
2018-06-25,-0.35550752961067644,0.27579040236652175,0.46950401891003074,0
2018-06-26,0.3686744751518125,0.2554387434980415,0.4610875580877506,0
2018-06-27,-0.07900167324681706,0.16590351381831558,0.47679980588125304,0
2018-06-28,0.065834727705681,0.0026333891082272578,0.261256886392559,0
2018-06-29,0.3555075296106762,0.0711015059221353,0.30577378520490445,0
2018-07-02,0.03950083662340842,0.15010317916895227,0.2011140485502243,0
2018-07-03,-0.0442864830102101,0.06751098753654775,0.17153281088346498,0
2018-07-04,0.5210034137291062,0.1875120049317324,0.2397301716530094,0
2018-07-05,0.5114760612779876,0.2766402716461937,0.2647217082034826,0
2018-07-06,0.24136740748684726,0.2538122472214279,0.26111724772990297,0
2018-07-09,-0.013166945541136066,0.24327869078851902,0.272728160375936,0
2018-07-10,0.03950083662340864,0.2600361547152428,0.2524629772501978,0
2018-07-11,0.8426845146327144,0.32437237489596443,0.3555382097713743,0
2018-07-12,0.11850250987022548,0.245777664614412,0.3471738195329907,0
2018-07-13,-0.013166945541136066,0.19487079400881532,0.3661263297220322,0
2018-07-16,0.4345092028574933,0.2844060236885412,0.3571617408165283,0
2018-07-17,0.3686744751518125,0.35024075139422195,0.33004151284822353,0
2018-07-18,0.11554781134503322,0.20481341073668574,0.18877497180201358,0
2018-07-19,-0.18349616157484183,0.14441367644767228,0.2586687421901167,0
2018-07-20,-0.11850250987022548,0.12334656358185439,0.2782589734060388,0
2018-07-23,0.5398447671865825,0.14441367644767222,0.30989581895631035,0
2018-07-24,0.4740100394809017,0.16548078931349006,0.3317617424045519,0
2018-07-25,-0.6451803315156719,0.01333516074134904,0.4947727013387945,0
2018-07-26,-0.3818414206929488,-0.026333891082272354,0.5217168524848473,0
2018-07-27,-0.03950083662340842,-0.01053355643290894,0.5194188959686653,0
2018-07-30,0.28967280190499545,-0.06056794948922635,0.4620265993400604,0
2018-07-31,0.4740100394809017,-0.06056794948922635,0.4620265993400604,0
2018-08-01,0.19209617009375024,0.10688735083265807,0.33005130134098354,0
2018-08-02,-0.026333891082272354,0.17798885675479337,0.2175720642258316,0
2018-08-03,0.052667782164544485,0.19642258051238395,0.19751899065584322,0
2018-08-06,-0.18433723757590625,0.10162057261620361,0.24869677242272947,0
2018-08-07,0.0,0.006818564720023268,0.13612132519857517,0
2018-08-08,0.03950083662340842,-0.023700501974045097,0.09513061202844253,0
2018-08-09,0.06583472770568077,-0.00526677821645447,0.10308970018553554,0
2018-08-10,0.17117029203476997,0.018433723757590625,0.12987975461995782,0
2018-08-13,-0.3818414206929488,-0.02106711286581788,0.211410471994415,0
2018-08-14,0.2633389108227231,0.031600669298726736,0.24766461058797426,0
2018-08-15,0.07900167324681684,0.03950083662340842,0.2486078320686573,0
2018-08-16,0.15897121267510061,0.05812813361729239,0.2544937291130269,0
2018-08-17,-0.342120308075452,-0.04452998640475201,0.2974033751056401,0
2018-08-20,-0.1448364009524976,0.0028710175433382277,0.24435791746858426,0
2018-08-21,-0.10533556432908919,-0.07086387748702423,0.19718274171676,0
2018-08-22,-0.013166945541136066,-0.0892976012446148,0.18350366231025814,0
2018-08-23,-0.03950083662340842,-0.12899201110431663,0.13005619867599205,0
2018-08-24,0.6056794948922635,0.06056794948922648,0.3091569652735223,0
2018-08-27,-0.013166945541136066,0.08690184057149879,0.29244257349761116,0
2018-08-28,0.22383807419931467,0.15273656827717957,0.27487082900540594,0
2018-08-29,0.17117029203476997,0.18960401579236077,0.2589573678211148,0
2018-08-30,0.2576556619871331,0.24903531551446906,0.22512067297975577,0
2018-08-31,0.39500836623408464,0.2069010897828333,0.1482850848650508,0
2018-09-03,-0.18607505093110333,0.17231946870483986,0.2167802631646268,0
2018-09-04,-0.16479972014925282,0.09459190983512636,0.25921132485542625,0
2018-09-05,0.24659223742117486,0.10967629891240734,0.2668633548887889,0
2018-09-06,0.13166945541136155,0.08447905759725302,0.25508601633435046,0
2018-09-07,0.26501177692867817,0.05847973973617173,0.2196925644496399,0
2018-09-10,0.19750418311704254,0.1351955865458009,0.17546611920702154,0
2018-09-11,0.07900167324681706,0.1839558652250149,0.0781443918760526,0
2018-09-12,0.026333891082272354,0.13990419595723438,0.09439916274930892,0
2018-09-13,0.5362140312506585,0.22081311112509378,0.19994200380443208,0
2018-09-14,0.0,0.16781075573935814,0.21946860774668486,0
2018-09-17,-0.03950083662340842,0.12040975179126794,0.23639373932445337,0
2018-09-18,-0.06936399090359013,0.0907366189611865,0.2517066598021906,0
2018-09-19,-0.16513280936087926,0.052443278872556176,0.27722487436691196,0
2018-09-20,0.07900167324681684,-0.03899919272821215,0.08982914791978301,0
2018-09-21,0.39500836623408486,0.04000248051860482,0.21674432264072835,0
2018-09-24,0.3423405840695404,0.11637076465719458,0.24690047736830306,0
2018-09-25,-0.724182004762489,-0.014592838114585182,0.4555528551660707,0
2018-09-26,-0.18433723757590625,-0.01843372375759058,0.4572173256758957,0
2018-09-27,0.10533556432908942,-0.013166945541136066,0.4587693366260006,0
2018-09-28,-0.46084309393976586,-0.1843372375759062,0.4269624460180698,0
2018-10-01,0.3160066929872678,-0.18960401579236072,0.4189282598229796,0
2018-10-02,0.1547805345914961,-0.013811507921563715,0.3083486706017491,0
2018-10-03,0.16563385873688374,0.056182711340994285,0.2995585385770316,0
2018-10-04,0.32294525033882193,0.09970464854294078,0.3233483904027803,0
2018-10-05,-0.11029255278389694,0.16981475677411456,0.17573036368680475,0
2018-10-08,0.0,0.106613418176661,0.16659649327637235,0
2018-10-09,0.737348950303625,0.2231271013190868,0.33115238745728315,0
2018-10-11,0.14807805986247957,0.21961594154420597,0.3320063475826743,0
2018-10-12,0.07900167324681706,0.17082722612580498,0.33094810468285596,0
2018-10-15,-0.3291736385284041,0.12705100897690355,0.3871360680026069,0
2018-10-16,-0.10533556432908919,0.10598389611108572,0.3984782882863328,0
2018-10-17,-0.11850250987022526,-0.06518639592368433,0.18736045165731868,0
2018-10-18,-0.14483640095249783,-0.12376928808667982,0.14501583905676743,0
2018-10-19,-0.07900167324681706,-0.15536995738540665,0.10001679782298482,0
2018-10-22,0.22383807419931467,-0.04476761483986289,0.15201978501477126,0
2018-10-23,-0.013166945541136066,-0.026333891082272264,0.1483839404051963,0
2018-10-24,-0.4349536859162626,-0.08962412629147973,0.23796952964476378,0
2018-10-25,-1.4088631729015693,-0.34242948068129403,0.641152969061217,0
2018-10-26,-0.09216861878795313,-0.3450628697895212,0.6398261745425355,0
2018-10-29,0.3423405840695404,-0.3213623678154761,0.667753096184475,0
2018-10-30,0.1711702920347702,-0.28449492030029483,0.6936109769050457,0
2018-10-31,-0.921686187879531,-0.3818414206929485,0.7517276625826262,0
2018-11-01,-0.14483640095249783,-0.12903606630313424,0.4853408283359913,0
2018-11-02,0.2686754638041662,-0.05686724978471038,0.5179277074807643,0
2018-11-06,-0.03950083662340864,-0.13323553392330018,0.470311217251206,0
2018-11-07,0.0938430339718841,-0.1487009855358774,0.4589325746886606,0
2018-11-08,-0.06583472770568077,0.02246930649889265,0.1622812232743148,0
2018-11-09,0.18433723757590625,0.08830403420457347,0.14307319124714563,0
2018-11-12,-0.09216861878795313,0.016135217686149606,0.11818903046452678,0
2018-11-13,0.3818414206929486,0.10040366914942105,0.19430284641958093,0
2018-11-14,0.2867984301086146,0.13899474837676715,0.21110897216038144,0
2018-11-15,0.07900167324681706,0.16796202856726672,0.18419862288411262,0
2018-11-16,-0.2765058563638594,0.07579340977931359,0.2695017683190088,0
2018-11-19,-0.19750418311704254,0.05472629691349571,0.2893034857758787,0
2018-11-20,0.026333891082272354,-0.016375209008639535,0.22544995637056403,0
2018-11-21,-0.07900167324681706,-0.08953522967972587,0.14879231058287617,0
2018-11-22,0.1580033464936339,-0.0737348950303625,0.17333422406226381,0
2018-11-23,-0.1448364009524976,-0.047401003948090145,0.14199560311123055,0
2018-11-26,-0.8295175690915784,-0.17380368114299732,0.38403716560923823,0
2018-11-27,-0.4740100394809019,-0.2738724672556322,0.3840371656092381,0
2018-11-28,-0.13166945541136155,-0.28440602368854107,0.37803123860371607,0
2018-11-29,-0.09216861878795313,-0.33444041674485847,0.31636309677978885,0
2018-11-30,-0.14483640095249783,-0.3344404167448585,0.31636309677978885,0
2018-12-03,-0.17117029203476997,-0.20277096133349684,0.15428379323658759,0
2018-12-04,-0.22383807419931467,-0.15273656827717938,0.04891303177466436,0
2018-12-05,-0.1580033464936339,-0.15800334649363384,0.047474097289813985,0
2018-12-06,0.052667782164544485,-0.12903606630313433,0.1059100516048714,0
2018-12-07,0.09216861878795313,-0.08163506235504414,0.14345325229719197,0
2018-12-10,-0.05266778216454471,-0.05793456038099909,0.13447055381875656,0
2018-12-11,-0.30283974744613174,-0.0737348950303625,0.1608847734065258,0
2018-12-12,-0.06583472770568077,-0.05530117127277188,0.15394631461175118,0
2018-12-13,0.10533556432908942,-0.04476761483986289,0.164613151048912,0
2018-12-14,-0.2765058563638596,-0.11850250987022544,0.17040896746634027,0
2018-12-17,-0.27650585636385916,-0.16327012471008834,0.1780217783100085,0
2018-12-18,0.19750418311704254,-0.06320133859745347,0.21643510923473935,0
2018-12-19,-0.2765058563638594,-0.10533556432908919,0.23663898860350313,0
2018-12-20,-0.10533556432908942,-0.14746979006072497,0.2065994036590028,0
2018-12-21,1.0796895343731652,0.12376928808668,0.5683638288842385,0
2018-12-24,-0.21067112865817839,0.13693623362781615,0.5574300688761251,0
2018-12-25,-0.026333891082272576,0.09216861878795313,0.5603305022873182,0
2018-12-26,0.4740100394809019,0.2422717979569054,0.5369143942751595,0
2018-12-27,0.34234058406953993,0.3318070276366313,0.5005517865288939,0
2018-12-28,0.7110150592213529,0.2580721326062688,0.37399688421135735,0
2018-12-29,0.09216861878795335,0.31864008209549516,0.29536250015404836,0
2019-01-09,-0.5135108761043103,0.2212046850910876,0.46769539181628866,0
2019-01-10,0.18433723757590625,0.16327012471008845,0.44598837236810157,0
2019-01-11,0.487176985022038,0.19223740490058808,0.4648323410876117,0
2019-01-14,-0.013166945541136066,0.047401003948090284,0.3648455833080026,0
2019-01-15,0.5661786582688548,0.1422030118442706,0.434349574195657,0
2019-01-16,-0.7491887666706434,0.09506743373100397,0.5263430432595201,0
2019-01-17,0.18289010774368752,0.09477800776456022,0.5262820779073833,0
2019-01-18,0.013166945541136066,-2.4000131620161012e-05,0.4784447739093917,0
2019-01-21,-0.026333891082272354,-0.0026573892398474184,0.4785714174451021,0
2019-01-22,0.6056794948922635,0.00524277808483431,0.4904869159348468,0
2019-01-23,0.26831411968360386,0.20874335535568375,0.25262957522512375,0
2019-01-24,-0.30012165021579573,0.1121410037637871,0.3416511162470635,0
2019-01-25,-0.07900167324681684,0.09370728000619652,0.3506930954721384,0
2019-01-28,-0.35550752961067666,0.027872552300515663,0.4054798374795435,0
2019-01-29,0.09216861878795313,-0.07482962292034641,0.26229279045219583,0
2019-01-30,0.17117029203476997,-0.09425838845011318,0.23241717724407934,0
2019-01-31,0.13166945541136155,-0.007900167324681729,0.21647515643819726,0
2019-02-01,-0.05266778216454471,-0.002633389108227302,0.21462525122286769,0
2019-02-04,-1.1455242620788457,-0.16063673560186112,0.5570256041732236,0
2019-02-05,-0.013166945541136288,-0.181703848467679,0.5469752668924044,0
2019-02-06,0.0,-0.215937906874633,0.5242528126070564,0
2019-02-07,0.1580033464936339,-0.21067112865817852,0.5287311542733544,0
2019-02-08,0.3160066929872678,-0.136936233627816,0.579540082863396,0
2019-02-11,-0.19750418311704232,0.052667782164544666,0.19373763310782802,0
2019-02-12,0.9216861878795313,0.23963840884867818,0.4260885423873018,0
2019-02-13,0.18433723757590625,0.27650585636385944,0.4077503503775727,0
2019-02-14,0.3818414206929486,0.32127347120372235,0.40375531962652406,0
2019-02-15,0.03950083662340842,0.2659722999309505,0.42312835329002524,0
2019-02-18,-0.5793456038099909,0.18960401579236077,0.5446883850805877,0
2019-02-19,0.1365289505609386,0.032572568328642235,0.3641153751784903,0
2019-02-20,0.500343930563174,0.0957739069260958,0.42015637334745964,0
2019-02-21,-0.03950083662340864,0.011505455462824355,0.38957806871906503,0
2019-02-22,-0.7505158958447613,-0.1464978910308096,0.5153037447646488,0
2019-02-25,-0.5661786582688548,-0.14386450192258238,0.5125651001858813,0
2019-02-26,0.23700501974045096,-0.1237692880866799,0.5280421252028328,0
2019-02-27,-0.05266778216454471,-0.23437163063222366,0.40917223376073614,0
2019-02-28,0.5266778216454464,-0.12113589897845264,0.5354431938501258,0
2019-03-01,0.1580033464936339,0.06056794948922639,0.40728238070445655,0
2019-03-04,-0.4345092028574935,0.08690184057149866,0.35788910917732947,0
2019-03-05,-0.250171965281587,-0.01053355643290894,0.3728129427472958,0
2019-03-06,0.27973784997213125,0.05594756999442625,0.3925370863570451,0
2019-03-07,0.19750418311704254,-0.009887157711254525,0.313497091175349,0
2019-03-11,0.21067112865817839,0.0006463987216543732,0.3213353629504708,0
2019-03-12,-0.35550752961067644,0.016446733371017784,0.29549223007370473,0
2019-03-13,-0.28967280190499567,0.008546566046336057,0.30478443543073563,0
2019-03-14,0.2765058563638594,0.007900167324681684,0.3040680795302845,0
2019-03-15,-0.03950083662340864,-0.03950083662340855,0.2849967036876059,0
2019-03-18,-0.1448364009524976,-0.11060234254554376,0.24906070175205422,0
2019-03-19,-0.09216861878795313,-0.05793456038099909,0.2089358201448515,0
2019-03-20,-0.3291736385284041,-0.06583472770568077,0.22032514011639534,0
2019-03-21,0.18433723757590603,-0.08426845146327144,0.1856492629416817,0
2019-03-22,-0.4513812960369188,-0.16664454334597348,0.24325973467999493,0
2019-03-25,-0.6583472770568082,-0.26934671856683556,0.32605923286839167,0
2019-03-26,-0.3456897863246118,-0.32005095207416734,0.3109823475016221,0
2019-03-27,0.18433723757590625,-0.21734877685330525,0.38354452815329415,0
2019-03-28,-0.2238380741993149,-0.2989838392083494,0.31376530244308104,0
2019-03-29,1.079689534373165,0.007230326873667314,0.671281306289898,0
2019-04-01,-1.6590351381831563,-0.1929072453516023,0.9919231551389404,0
2019-04-02,-0.2465911067887283,-0.1730875094444256,0.9890932116462332,0
2019-04-03,0.19750418311704232,-0.1704541203361984,0.99029952595423,0
2019-04-04,-0.17117029203476997,-0.1599205639032894,0.9898697504895412,0
2019-04-05,0.7110150592213527,-0.23365545893365186,0.8823378012260612,0
2019-04-08,-0.10533556432908919,0.07708445583716154,0.3924418027124551,0
2019-04-09,0.09216861878795313,0.14483640095249783,0.34948258392264286,0
2019-04-10,0.6191169987409615,0.22915896407728167,0.41084334689811325,0
2019-04-11,-0.07900167324681706,0.24759268783487226,0.3899261074231514,0
2019-04-12,0.18433723757590625,0.14225712350578296,0.2923749857306711,0
2019-04-15,-0.07900167324681684,0.14752390172223745,0.28698743458174514,0
2019-04-16,0.026333891082272354,0.13435695618110127,0.29163466850111014,0
2019-04-17,-0.2776866440498138,-0.045003772377053775,0.16892261125369254,0
2019-04-18,-0.1580033464936339,-0.06080410702641714,0.1764257549104462,0
2019-04-19,-0.10533556432908919,-0.11873866740741623,0.11136751479476582,0
2019-04-22,0.3950083662340851,-0.023936659511235848,0.25837510317899975,0
2019-04-23,0.48717698502203777,0.06823195927671724,0.3475865121432906,0
2019-04-24,-0.07900167324681706,0.10796895343731658,0.30715975183520194,0
2019-04-25,-0.987520915585212,-0.05793456038099905,0.5850481522712399,0
2019-04-26,-0.40817531177522093,-0.1185025098702254,0.606466138407418,0
2019-04-29,-0.15800334649363412,-0.22910485241576922,0.5357021591969146,0
2019-04-30,0.19750418311704232,-0.2870394127967683,0.44723057408768513,0
2019-05-06,-0.553011712727719,-0.3818414206929487,0.44231923012202684,0
2019-05-07,1.1455242620788462,0.04476761483986293,0.6779762417901894,0
2019-05-08,0.21067112865817839,0.1685369029265428,0.6293607144331077,0
2019-05-13,0.27650585636385916,0.25543874349804147,0.6024219340355219,0
2019-05-14,0.19750418311704254,0.2554387434980415,0.6024219340355219,0
2019-05-15,0.07900167324681706,0.3818414206929487,0.43281013793734985,0
2019-05-16,-0.013166945541136066,0.15010317916895227,0.11576433631510002,0
2019-05-17,-0.3555075296106762,0.03686744751518134,0.2456967561656983,0
2019-05-20,-0.19750418311704232,-0.19750418311704232,0.0,1
2019-05-21,0.19750418311704232,0.0,0.27931309438954055,1
2019-05-22,0.10533556432908919,0.03511185477636306,0.20665533960253585,1
2019-05-23,0.11850250987022548,0.05595951854982867,0.17380866855081048,1
2019-05-24,-0.1580033464936339,0.013166945541136154,0.1783623039520277,1
2019-05-27,-0.6056794948922635,-0.06846811681390808,0.328831119741852,1
2019-05-28,-0.34234058406954015,-0.17643707025122457,0.307610959940109,1
2019-05-29,-0.5398447671865827,-0.3054731365543589,0.29492194529218113,1
2019-05-30,-0.39500836623408464,-0.408175311775221,0.17566896416048483,1
2019-05-31,-0.25017196528158725,-0.42660903553281165,0.14501583905676535,1
2019-06-03,-0.4608430939397654,-0.39764175534231205,0.11071201271878965,1
2019-06-04,-0.40817531177522115,-0.4108087008834483,0.1063184991353226,1
2019-06-05,-0.2765058563638594,-0.3581409187189036,0.09045988652706333,1
2019-06-06,-0.487176985022038,-0.37657464247649425,0.10761511411600502,1
2019-06-07,-0.46084309393976564,-0.4187088682081299,0.08451497110683827,1
2019-06-10,-0.27650585636385916,-0.3818414206929487,0.10027646973855957,1
2019-06-11,-0.22383807419931467,-0.34497397317776735,0.12010102183697705,1
2019-06-13,-0.21067112865817883,-0.3318070276366313,0.1324571162081692,1
2019-06-14,-0.5266778216454466,-0.33970719496131296,0.14465674026607866,1
2019-06-17,-0.6056794948922632,-0.3686744751518125,0.18410196340526758,1
2019-06-18,-0.5530117127277188,-0.4239756464245844,0.1908980073663897,1
2019-06-19,-0.421342257316357,-0.4634764830479929,0.15645966198836758,1
2019-06-20,-0.250171965281587,-0.4713766503726745,0.14070777358648898,1
2019-06-21,-0.5003439305631743,-0.46610987215622013,0.13859734774180782,1
2019-06-24,-0.6583472770568082,-0.47664342858912906,0.1530993634872948,1
2019-06-25,-0.3950083662340851,-0.4450427592904023,0.14966363743713879,1
2019-06-26,-0.4740100394809017,-0.45557631572331125,0.14943178038476967,1
2019-06-27,-0.026333891082272576,-0.41080870088344834,0.23524287619125028,1
2019-06-28,0.22383807419931445,-0.2659722999309506,0.3575013635497471,1
2019-07-01,-0.6056794948922632,-0.25543874349804163,0.34355384452005966,1
2019-07-02,-0.3291736385284041,-0.24227179795690543,0.33808552513309936,1
2019-07-03,-0.5967550975896692,-0.26682080957865895,0.36268092605414437,1
2019-07-04,-0.27650585636385916,-0.31685520263497624,0.33759904332460006,1
2019-07-05,-0.40817531177522093,-0.4432578798298833,0.15165290544869614,1
2019-07-08,-0.40817531177522115,-0.4037570432064749,0.12149366238225835,1
2019-07-09,-0.316006692987268,-0.4011236540982477,0.12363818788653108,1
2019-07-10,-0.18433723757590625,-0.3186400820954951,0.0946739093809048,1
2019-07-11,-0.28967280190499545,-0.32127347120372235,0.09338326017347663,1
2019-07-12,-0.22383807419931467,-0.2844060236885411,0.08664210348580251,1
2019-07-15,0.23700501974045074,-0.15536995738540674,0.22545871234389564,1
2019-07-16,-0.026333891082272354,-0.09743539700440759,0.21058881916933306,1
2019-07-17,0.10533556432908919,-0.03950083662340851,0.22032514011639384,1
2019-07-18,0.1711702920347702,0.05266778216454462,0.18268395541213964,1
2019-07-19,0.013166945541136066,0.10006878611263477,0.10881665988498979,1
2019-07-22,-0.3555075296106762,-0.018433723757590625,0.20368375304270225,1
2019-07-23,-0.23700501974045096,-0.06056794948922635,0.2262646784785957,1
2019-07-24,-0.5530117127277188,-0.19223740490058794,0.2885634572852611,1
2019-07-25,-0.6715142225979442,-0.3607743078271308,0.2686508659355019,1
2019-07-26,-0.5925125493511274,-0.48191020680558355,0.17971795443068175,1
2019-07-29,-1.211358989784527,-0.6530804988403537,0.3531344355872398,1
2019-07-30,-0.6056794948922635,-0.7268153938707161,0.2742077659054599,1
2019-07-31,-0.42134225731635744,-0.7004815027884439,0.30016593078299647,1
2019-08-01,-0.18433723757590625,-0.6030461057840364,0.38029457669496597,1
2019-08-02,-0.5927743608962672,-0.6030984680930642,0.3802927817738822,1
2019-08-05,0.5530117127277188,-0.25022432759061514,0.48023418564530923,1
2019-08-06,-0.19750418311704254,-0.16858926523557094,0.43749546080301366,1
2019-08-07,-0.13166945541136155,-0.11065470485457177,0.41421795102697223,1
2019-08-08,-0.44767614839862957,-0.16332248701911642,0.44175527874649184,1
2019-08-09,-0.3423405840695404,-0.11323573165377106,0.3923219522858051,1
2019-08-12,0.013166945541136288,-0.22120468509108754,0.17991078490936024,1
2019-08-13,-0.10533556432908919,-0.10533556432908919,0.0,2
2019-08-14,-0.09216861878795313,-0.09875209155852116,0.009310436479651287,2
2019-08-15,-0.14483640095249783,-0.11411352802318005,0.0274091828498054,2
2019-08-16,-0.03950083662340864,-0.0954603551732372,0.04350408753755703,2
2019-08-19,-0.14483640095249783,-0.10533556432908933,0.04366981799499165,2
2019-08-20,0.026333891082272354,-0.07900167324681702,0.07331045015126159,2
2019-08-21,0.1810966386445414,-0.02434862176031811,0.13605207791085375,2
2019-08-22,0.3818414206929486,0.08098694256877118,0.20556982494175105,2
2019-08-23,0.1580033464936339,0.12048777919217968,0.1953512559311027,2
2019-08-26,-0.40817531177522115,0.06781999702763501,0.2949011357923779,2
2019-08-27,0.14483640095249783,0.0915204990016801,0.29549474618190646,2
2019-08-28,0.07900167324681706,0.07110150592213524,0.2912545020671303,2
2019-08-29,0.23700501974045096,0.04213422573163572,0.25791757625005185,2
2019-08-30,0.1580033464936339,0.04213422573163572,0.25791757625005185,2
2019-09-02,-0.19750418311704232,0.08426845146327148,0.16722539212890936,2
2019-09-03,0.34234058406954015,0.12376928808667995,0.20432112944060754,2
2019-09-04,0.14584871073660866,0.13713869558463826,0.20284116447692116,2
2019-09-05,1.408863172901569,0.37151032621686186,0.6118083256433348,2
2019-09-06,-0.10533556432908919,0.31884254405231727,0.6452063634712869,2
2019-09-09,-0.17117029203476997,0.32410932226877176,0.6400244034337801,2
2019-09-10,0.5060028588126568,0.3568417772173951,0.6453527639318359,2
2019-09-11,-0.08305053515027017,0.3110619280400193,0.6716451740095974,2
2019-09-12,0.7636828413858974,0.18202586173688498,0.4245219502643779,2
2019-09-13,0.17117029203476997,0.2373270330096568,0.39469155726569216,2
2019-09-16,-0.35550752961067644,0.2004595854944755,0.4474685497732313,2
2019-09-17,0.026333891082272354,0.10452579194839862,0.41589031426821893,2
2019-09-18,-0.03950083662340842,0.11323573165377096,0.41141174327249397,2
2019-09-19,0.5135108761043103,0.06320133859745355,0.3168832735698995,2
2019-09-20,0.06583472770568077,0.04213422573163572,0.31136415974018405,2
2019-09-23,-0.35550752961067644,0.04213422573163572,0.31136415974018405,2
2019-09-24,0.39500836623408486,0.11586912076199822,0.3481655118680844,2
2019-09-25,-0.28967280190499545,0.06583472770568082,0.3913707064783303,2
2019-09-26,0.03950083662340842,-0.028967280190499566,0.3033259616428148,2
2019-09-27,0.06583472770568077,-0.028967280190499566,0.3033259616428148,2
2019-09-30,0.013166945541136066,0.04476761483986293,0.24289356763152126,2
2019-10-01,-0.1448364009524976,-0.06320133859745355,0.15081757616631347,2
2019-10-02,-0.013166945541136288,-0.007900167324681729,0.08201643767849158,2
2019-10-03,0.13338135662590922,0.010875936675818432,0.10351049176919958,2
2019-10-04,0.10533556432908942,0.01877610400050016,0.11005427859850202,2
2019-10-07,-0.1580033464936339,-0.015457954406453834,0.13583761871686986,2
2019-10-08,0.06583472770568077,0.026676271325181845,0.11704773329605081,2
2019-10-09,0.14483640095249783,0.05827694062390867,0.12468160477955832,2
2019-10-10,0.30283974744613174,0.09216861878795317,0.16628971271211465,2
2019-10-11,0.22383807419931467,0.11586912076199822,0.1767512250875812,2
2019-10-14,0.17117029203476997,0.181703848467679,0.08852261948633616,2
2019-10-15,0.2633389108227233,0.2212046850910875,0.0647728076292398,2
2019-10-16,0.10999235094182147,0.21423587508895223,0.07595280329442153,2
2019-10-17,0.03950083662340842,0.16156809292440757,0.08928539129293836,2
2019-10-18,0.07900167324681684,0.132600812733908,0.08750952930332313,2
2019-10-21,-0.5530117127277188,-0.012235588218589744,0.31397479437349884,2
2019-10-22,0.10533556432908942,-0.043836257517316526,0.2860110775373941,2
2019-10-23,-0.14559796694404903,-0.09495432109449062,0.27424271572002645,2
2019-10-24,-0.19750418311704232,-0.14235532504258078,0.26553732194808605,2
2019-10-25,-0.2633389108227233,-0.2108234418564888,0.23676938654826132,2
2019-10-28,-0.3686744751518125,-0.17395599434130754,0.1769654360213428,2
2019-10-29,-0.03950083662340842,-0.2029232745318071,0.12363854604160335,2
2019-10-30,0.14483640095249783,-0.14483640095249775,0.2012002341331586,2
2019-10-31,0.40817531177522093,-0.023700501974045097,0.31289162096893663,2
2019-11-01,0.10533556432908919,0.050034393056317406,0.28444869114483656,2
2019-11-05,-0.23700501974045096,0.07636828413858972,0.23835444754658874,2
2019-11-06,-0.18433723757590625,0.047401003948090145,0.2634376444052048,2
2019-11-07,0.07900167324681706,0.034234058406953996,0.25895736782111317,2
2019-11-08,0.18433723757590625,-0.01053355643290894,0.18769248794844046,2
2019-11-11,-0.02633389108227213,-0.03686744751518121,0.17626011209311532,2
2019-11-12,-0.3818414206929486,-0.06583472770568073,0.2230622033234035,2
2019-11-13,-0.026333891082272354,-0.03423405840695395,0.21304427119365033,2
2019-11-14,0.0,-0.050034393056317364,0.20533681654200556,2
2019-11-15,-0.013166945541136066,-0.08953522967972583,0.16376843398664478,2
2019-11-18,-0.44767614839862935,-0.17380368114299727,0.22138487345682276,2
2019-11-19,0.22383807419931467,-0.05266778216454462,0.24367744211869816,2
2019-11-20,0.13256972381111476,-0.020887059185867196,0.25791673618890953,2
2019-11-21,0.03950083662340864,-0.012986891861185467,0.2593176318366177,2
2019-11-22,-0.30908402563726245,-0.07217030788041075,0.29117976976344156,2
2019-11-25,-0.25017196528158725,-0.03266947125700233,0.23559552552122534,2
2019-11-26,-0.2693361204844693,-0.13130431019375913,0.20223243514742012,2
2019-11-27,0.46084309393976564,-0.06564963616802895,0.3252107749581662,2
2019-11-28,-0.21067112865817839,-0.11568402922434635,0.3242320162741495,2
2019-11-29,0.10533556432908919,-0.032800111231076026,0.31527883861799044,2
2019-12-02,-0.5310178571850921,-0.088969289611777,0.38170620271733996,2
2019-12-03,-0.31560957598737316,-0.09822398071235776,0.38768669050022925,2
2019-12-04,-0.09498047598094828,-0.20938869469650054,0.23815459167894526,2
2019-12-05,0.22383807419931467,-0.12248685412500193,0.3069179765542138,2
2019-12-06,-0.3883087629920525,-0.22121571958923028,0.2944553726087855,2
2019-12-09,-0.23700501974045074,-0.162413152100302,0.2417638794653603,2
2019-12-10,-0.2585032293055165,-0.15099188276393066,0.23393964250197757,2
2019-12-11,-0.07900167324681684,-0.1477961222171044,0.23500280502844975,2
2019-12-12,-0.05266778216454471,-0.20309729348987626,0.13833979985829625,2
2019-12-13,-0.4102582027537913,-0.20748718144222403,0.1458317516952837,2
2019-12-16,-0.6723956425941569,-0.29456530601296527,0.2561362795413458,2
2019-12-17,0.19750418311704232,-0.20336382352845347,0.33973023544736164,2
2019-12-18,-0.07900167324681684,-0.20336382352845347,0.33973023544736164,2
2019-12-19,-0.03950083662340864,-0.20073043442022626,0.34123805452066464,2
2019-12-20,-0.250171965281587,-0.1687131869257854,0.32372468935719967,2
2019-12-23,-0.07900167324681728,-0.050034393056317496,0.16056116978005155,2
2019-12-24,0.9875209155852123,0.1079689534373165,0.4983823685798142,2
2019-12-25,-0.14483640095249806,0.09480200789618025,0.5053774903317294,2
2019-12-26,0.6320133859745356,0.2291048524157691,0.5481783859740635,2
2019-12-27,0.2238380741993149,0.3239068603119495,0.4815035147487131,2
2019-12-28,0.10282791063096432,0.3602727770875058,0.4492523664168045,2
2019-12-30,-0.9611870245029395,-0.029468810930124545,0.591741921732459,2
2019-12-31,-0.4127118574067623,-0.08304390222097739,0.6164105992667352,2
2020-01-03,-0.08203847984371591,-0.22585427538462768,0.47606936984289194,2
2020-01-06,-0.08456945522499824,-0.28753578126949036,0.4199057423703929,2
2020-01-09,-0.4213422573163572,-0.3923698148589546,0.35911447269194896,2
2020-01-10,0.316006692987268,-0.13693107136091315,0.30325415020623203,2
2020-01-13,-0.17117029203476997,-0.08862275828651467,0.2651891472086631,2
2020-01-14,-0.17117029203476997,-0.10644912072472548,0.26762052509357664,2
2020-01-15,0.13166945541136155,-0.06320133859745351,0.28868359195211646,2
2020-01-16,0.06583472770568077,0.03423405840695408,0.20872827482676987,2
2020-01-17,-0.37509182245336126,-0.10398564468117177,0.20426600205585596,2
2020-01-20,-0.5680256038112932,-0.1833567070364764,0.2942018344249152,2
2020-01-21,0.22383807419931467,-0.10435503378965949,0.3466524328459367,2
2020-01-22,-0.28611680468569567,-0.18791228580907093,0.325227745904124,2
2020-01-23,-0.057016834494331814,-0.21248259824907345,0.30529490573204243,2
2020-01-24,-0.3635426273823368,-0.21017275923486856,0.3037970596005708,2
2020-01-27,-1.1718581531611183,-0.33093926910483357,0.5227398977207969,2
2020-01-28,-0.48717698502203777,-0.47314228094910404,0.4208776078089995,2
2020-01-29,0.03950083662340842,-0.4080187526872832,0.47832282785182684,2
2020-01-30,-0.3686744751518125,-0.47035028081877944,0.4399120477948668,2
2020-01-31,0.10533556432908942,-0.37657464247649414,0.5123786209725173,2
2020-02-03,-0.5130043354800018,-0.24480387894027084,0.2955701833196172,2
2020-02-04,0.03950083662340842,-0.13946831461118162,0.28109316793891986,2
2020-02-05,0.11850250987022548,-0.12366797996181819,0.29551827886045356,2
2020-02-06,0.05266778216454471,-0.039399528498546756,0.2668728495566246,2
2020-02-07,0.500343930563174,0.039602144748270174,0.36195749196107063,2
2020-02-10,-0.11850250987022526,0.11850250987022548,0.23051557739492295,2
2020-02-11,-0.3643218356588831,0.03773797541376718,0.3189095717506891,2
2020-02-12,0.21725871733692115,0.05748921690710631,0.3280882079825721,2
2020-02-13,0.316006692987268,0.11015699907165097,0.3476729971122587,2
2020-02-14,0.09216861878795313,0.02852193671660679,0.27306701328336197,2
2020-02-17,-0.3291736385284041,-0.013612289015028978,0.31452974689989815,2
2020-02-18,-0.09216861878795313,0.04081835435915702,0.25694176523546713,2
2020-02-19,-0.15916004730676425,-0.034465398569580065,0.24728436316275001,2
2020-02-20,0.34234058406954015,-0.029198620353125638,0.2567155974457542,2
2020-02-21,-0.19750418311704232,-0.08713318073412472,0.2551598916246315,2
2020-02-25,-0.40817531177522093,-0.10293351538348809,0.275527900127446,2
2020-02-26,-0.28967280190499545,-0.14243435200689655,0.2874963446100935,2
2020-02-27,-0.11850250987022526,-0.13430284451958877,0.28747998616050313,2
2020-02-28,0.05266778216454471,-0.19223740490058785,0.17433155233930808,2
2020-03-02,-0.30283974744613174,-0.21330451776640574,0.18135047805658427,2
2020-03-03,0.026333891082272354,-0.12640267719490708,0.16825893344020096,2
2020-03-04,0.026333891082272354,-0.06320133859745351,0.14995295461696292,2
2020-03-05,0.23700501974045096,0.007900167324681729,0.19476400573117747,2
2020-03-06,-0.28317371743142905,-0.05926813259451302,0.23015974680219678,2
2020-03-10,-0.15800334649363412,-0.0303008524040135,0.1988215471763,2
2020-03-11,0.11850250987022548,-0.011867128646422875,0.20937762898816095,2
2020-03-12,0.02633389108227213,-0.01186712864642292,0.20937762898816095,2
2020-03-13,0.1711702920347702,-0.025034074187559076,0.1910853702768252,2
2020-03-16,-0.316006692987268,-0.03160066929872687,0.20240297895266002,2
2020-03-17,-0.1711702920347702,-0.03423405840695408,0.20453314685724452,2
2020-03-18,-0.2453140193943233,-0.10699736425986384,0.20130140952153558,2
2020-03-19,-0.13166945541136155,-0.13859803355859057,0.18703442653123273,2
2020-03-20,-0.06583472770568077,-0.18599903750668076,0.09750809465470521,2
2020-03-23,-0.17117029203476997,-0.15703175731618116,0.06548606472620892,2
2020-03-24,-0.05266778216454471,-0.13333125534213605,0.07911553398299062,2
2020-03-25,-0.14483640095249783,-0.11323573165377096,0.05150278982456815,2
2020-03-26,-0.1711702920347702,-0.1211358989784527,0.05769466469057863,2
2020-03-27,-0.13166945541136155,-0.13430284451958885,0.0487354884237395,2
2020-03-30,-0.500343930563174,-0.20013757222526968,0.1735341482625817,2
2020-03-31,-0.23537573976614556,-0.23667916374558984,0.1527042504072608,2
2020-04-01,0.1383770547945845,-0.18003647259617336,0.22883643397343853,2
2020-04-02,0.1309692593152847,-0.11960856232616239,0.2682595517781014,2
2020-04-03,-0.12882457715165052,-0.11903958667422018,0.2682305909108523,2
2020-04-06,-0.32917363852840387,-0.08480552826726614,0.21254062135657587,2
2020-04-07,-0.41424148161570296,-0.12057867663717763,0.2550255531083381,2
2020-04-08,0.11180371739603201,-0.12589334411688813,0.24847253807815592,2
2020-04-09,0.17278986217675563,-0.11752922354459394,0.2597296078767113,2
2020-04-10,0.013166945541136288,-0.08913091900603658,0.2658756579345009,2
2020-04-13,-0.15054807136422022,-0.05340580557319985,0.23586521717262815,2
2020-04-14,0.09236324089786141,0.047915138929513025,0.12474590526044058,2
2020-04-15,-0.06583472770568077,0.012387449909170466,0.12727171895437753,2
2020-04-16,-0.1573031009820105,-0.05363114272258276,0.10731500141815381,2
2020-04-17,-0.0644115475072129,-0.0691468413322526,0.10064366116702995,2
2020-04-20,-0.1580033464936339,-0.07063789635813533,0.10219440807321842,2
2020-04-21,-0.08289630572687434,-0.10568980568308248,0.047990895705914,2
2020-04-22,-0.16218525601035438,-0.12495991134401721,0.04732633539796363,2
2020-04-23,-0.3392411510028861,-0.16134752134819233,0.10863839679586686,2
2020-04-24,-0.013166945541136066,-0.15109860095497696,0.12170137962384017,2
2020-04-27,-0.5398447671865827,-0.2274668850935667,0.21281461142672978,2
2020-04-28,-0.03950083662340842,-0.21878779127287357,0.2209152467339923,2
2020-04-29,0.1580033464936339,-0.15475007077207587,0.279945419334156,2
2020-04-30,0.28967280190499567,-0.028967280190499524,0.31537514576535347,2
2020-05-04,-0.09749684188563679,-0.045833259459399665,0.3165715852037547,2
2020-05-06,-0.9493200205395911,-0.12772831013000135,0.4846589613564008,2
2020-05-07,0.23700501974045096,-0.07242713885722947,0.5122334556646486,2
2020-05-08,0.06583472770568077,-0.0908608626148201,0.5034509848826298,2
2020-05-12,-0.23700501974045096,-0.19619642694390943,0.4568714031277299,2
2020-05-13,0.11850250987022526,-0.152996556592737,0.4782490420097785,2
2020-05-14,0.026333891082272354,0.04213422573163568,0.1750263008175328,2
2020-05-15,0.3160066929872676,0.057934560380999,0.1989472750500617,2
2020-05-18,-0.40817531177522093,-0.03686744751518134,0.287479986160503,2
2020-05-19,0.14483640095249783,0.03950083662340842,0.2712838165057725,2
2020-05-20,0.0,0.015800334649363368,0.26781062298795877,2
2020-05-21,-0.07900167324681684,-0.00526677821645447,0.27090010511640217,2
2020-05-22,-0.4484751759171117,-0.15816315199733033,0.25974891853706505,2
2020-05-25,-0.19750418311704232,-0.11602892626569461,0.2236309317421418,2
2020-05-26,-0.33674597671770035,-0.21234540179973424,0.18325129920857056,2
2020-05-27,-0.4110129985126165,-0.2945480015022576,0.15404225230065252,2
2020-05-28,0.11850250987022548,-0.2550471648788491,0.22981785549993342,2
2020-05-29,-0.11850250987022526,-0.18905263166947178,0.20659056253610725,2
2020-06-01,-0.052667782164544485,-0.16008535147897224,0.21508865844133737,2
2020-06-02,-0.1342475735532893,-0.11958567084609002,0.19125246244293723,2
2020-06-03,-0.09333186336234611,-0.05604944381603594,0.10232928702528923,2
2020-06-04,0.1711702920347702,-0.04551588738312699,0.12499077636090701,2
2020-06-05,0.28967280190499545,0.03611917497191715,0.18452220058658572,2
2020-06-08,-0.11850250987022548,0.022952229430780947,0.19451970943115215,2
2020-06-09,-1.47469790060725,-0.2451378359800112,0.7089136737843342,2
2020-06-10,0.23700501974045096,-0.1790704593594518,0.7412534276895248,2
2020-06-11,0.26333891082272354,-0.16063673560186112,0.7531907182573054,2
2020-06-15,-0.4213422573163572,-0.3028397474461316,0.7129630493354305,2
2020-06-16,-0.3291736385284041,-0.34497397317776735,0.7055320741545166,2
2020-06-17,0.07900167324681684,-0.034234058406953996,0.32085228456358406,2
2020-06-18,-0.052667782164544485,-0.09216861878795309,0.28362468698233206,2
2020-06-19,-0.17117029203476997,-0.1790704593594518,0.20240297895265966,2
2020-06-22,-0.250171965281587,-0.14483640095249775,0.1615300357826009,2
2020-06-23,-0.40817531177522115,-0.16063673560186115,0.1860690206353116,2
2020-06-25,-0.14483640095249806,-0.20540435044172414,0.1335001017302891,2
2020-06-26,-0.5793456038099909,-0.3107399147708134,0.1818755101483514,2
2020-06-29,-0.07900167324681684,-0.2923061910132228,0.20300167912051195,2
2020-06-30,0.2238380741993149,-0.1975041831170424,0.3100529119888402,2
2020-07-02,-0.3160066929872678,-0.17907045935945173,0.2968554961882187,2
2020-07-03,0.10533556432908942,-0.12903606630313424,0.3239175649688359,2
2020-07-06,-0.250171965281587,-0.06320133859745347,0.22908214966068033,2
2020-07-07,0.1580033464936339,-0.015800334649363323,0.2486775580080631,2
2020-07-08,0.026333891082272354,-0.05530117127277183,0.21442321291090805,2
2020-07-09,0.11850250987022548,0.031600669298726826,0.1646131510489098,2
2020-07-10,0.1711702920347702,0.04476761483986298,0.17433155233930794,2
2020-07-13,-0.17117029203476997,0.06056794948922639,0.14138381395350083,2
2020-07-14,-0.09216861878795313,0.010533556432908986,0.14254396834772176,2
2020-07-15,-0.026333891082272354,4.4408920985006264e-17,0.14302963915294933,2
2020-07-16,0.1580033464936339,0.007900167324681729,0.15201978501476887,2
2020-07-17,-0.23700501974045096,-0.0737348950303625,0.15201978501476884,2
2020-07-20,-0.11850250987022526,-0.06320133859745355,0.1452547450491408,2
2020-07-21,0.17117029203476997,-0.01053355643290894,0.17650583940062473,2
2020-07-22,0.02633389108227213,-4.4408920985006264e-17,0.17689829311337552,2
2020-07-23,-0.10533556432908919,-0.052667782164544666,0.15607135519080972,2
2020-07-24,0.23700501974045096,0.04213422573163572,0.16002037615958561,2
2020-07-27,-1.0006878611263486,-0.13430284451958893,0.5021079635807578,2
2020-07-28,-0.1448364009524976,-0.19750418311704246,0.4730947846407419,2
2020-07-29,-0.14483640095249783,-0.23173824152399644,0.4588260179683853,2
2020-07-30,0.10533556432908942,-0.18960401579236072,0.4824028161088827,2
2020-07-31,0.0,-0.2370050197404509,0.43976415431712984,2
2020-08-03,-0.2633389108227233,-0.08953522967972587,0.14345325229718986,2
2020-08-04,-0.026333891082272354,-0.06583472770568082,0.141812343491166,2
2020-08-05,0.2106711286581786,0.00526677821645447,0.17704523897267266,2
2020-08-06,0.07900167324681684,-4.4408920985006264e-17,0.17368394039082796,2
2020-08-07,0.18433723757590625,0.03686744751518121,0.19225544096619973,2
2020-08-10,-0.03950083662340842,0.08163506235504418,0.11568943217505442,2
2020-08-11,0.0,0.08690184057149866,0.11000508238645385,2
2020-08-12,0.07900167324681684,0.0605679494892263,0.0861404078757633,2
2020-08-13,-0.1448364009524976,-0.1448364009524976,0.0,3
2020-08-14,-0.06583472770568077,-0.10533556432908919,0.05586261887790804,3
2020-08-17,-0.44767614839862935,-0.21944909235226925,0.2015589440527026,3
2020-08-18,-0.3818414206929486,-0.2600471744374391,0.1835124583265954,3
2020-08-19,-0.13166945541136155,-0.23437163063222358,0.16897865107542584,3
2020-08-20,-0.30283974744613196,-0.26597229993095045,0.16270637068250146,3
2020-08-21,-0.10533556432908919,-0.27387246725563213,0.15110468393839888,3
2020-08-24,-0.3423405840695404,-0.25280535438981433,0.12608682450118897,3
2020-08-25,-0.09216861878795313,-0.19487079400881524,0.11828285720711154,3
2020-08-26,-0.28967280190499567,-0.22647146330754206,0.11828285720711153,3
2020-08-27,-0.013166945541136066,-0.1685369029265429,0.14039940640980303,3
2020-08-28,-0.30283974744613174,-0.2080377395499514,0.14585029795709792,3
2020-08-31,-0.2765058563638594,-0.19487079400881518,0.1331099398582529,3
2020-09-01,-0.28967280190499567,-0.23437163063222372,0.12400718506660771,3
2020-09-02,-0.04172499009890318,-0.1847820682710052,0.14428271975649373,3
2020-09-03,-0.05266778216454471,-0.19268223559568692,0.133191951620927,3
2020-09-04,-0.11850250987022548,-0.1558147880805057,0.1199294529781634,3
2020-09-07,-0.18433723757590648,-0.1373810643229151,0.10256763630715925,3
2020-09-08,-0.18433723757590625,-0.11631395145709722,0.068690379091327,3
2020-09-09,0.11850250987022548,-0.08426845146327148,0.12581152542927188,3
2020-09-10,0.19750418311704254,-0.03423405840695404,0.1797179544306819,3
2020-09-11,-0.026333891082272354,-0.015800334649363413,0.17353414826258193,3
2020-09-14,-0.3160066929872678,-0.04213422573163568,0.21136946521059363,3
2020-09-15,0.065834727705681,0.007900167324681772,0.19851108229759287,3
2020-09-16,-0.11850250987022548,-0.03950083662340842,0.19373763310782613,3
2020-09-17,-0.23700501974045096,-0.1264026771949071,0.15428379323658595,3
2020-09-18,0.10533556432908942,-0.10006878611263477,0.18400776950633865,3
2020-09-21,-0.09216861878795335,-0.05530117127277188,0.14039940640980297,3
2020-09-22,-0.22383807419931467,-0.11323573165377102,0.1376559919463687,3
2020-09-23,-0.23700501974045074,-0.13693623362781607,0.14855909365177594,3
2020-09-24,-0.11850250987022548,-0.11323573165377096,0.13765599194636866,3
2020-09-25,-0.2106711286581786,-0.17643707025122457,0.0662285581040844,3
2020-09-28,-0.250171965281587,-0.2080377395499513,0.052171685248484534,3
2020-09-29,0.026333891082272576,-0.15800334649363384,0.11516373907861918,3
2020-09-30,-0.15800334649363368,-0.14220301184427045,0.10672538351221433,3
2020-10-01,-0.39500836623408486,-0.19750418311704232,0.15298608240372114,3
2020-10-02,-0.065834727705681,-0.1685369029265428,0.16323826608842312,3
2020-10-05,-0.3160066929872678,-0.18170384846767895,0.17378373008041162,3
2020-10-06,-0.11850250987022526,-0.21067112865817852,0.13903446594093802,3
2020-10-07,-0.11850250987022548,-0.20277096133349687,0.14381535616049893,3
2020-10-08,-0.065834727705681,-0.1369362336278161,0.10350927741890836,3
2020-10-09,0.03950083662340864,-0.11586912076199818,0.1291435068432331,3
2020-10-12,-0.21067112865817839,-0.09480200789618029,0.0914131255639605,3
2020-10-13,0.05266778216454471,-0.0605679494892263,0.1103983803245869,3
2020-10-14,-0.6846811681390803,-0.17380368114299727,0.3044669322374292,3
2020-10-15,0.0,-0.16063673560186106,0.3116424368175716,3
2020-10-16,-0.2106711286581786,-0.21067112865817852,0.29086733399098597,3
2020-10-19,-0.4345092028574933,-0.2554387434980415,0.307610959940109,3
2020-10-20,-0.19750418311704254,-0.3054731365543589,0.2619196395792041,3
2020-10-21,-0.2765058563638594,-0.22383807419931476,0.15662578448639683,3
2020-10-22,-0.39500836623408486,-0.30283974744613174,0.1073731914852856,3
2020-10-23,-0.19750418311704232,-0.3002063583379045,0.11031983290779507,3
2020-10-26,-0.8821853512561229,-0.38974158801763037,0.28690650459437994,3
2020-10-27,-0.28967280190499545,-0.408175311775221,0.2741445333977808,3
2020-10-28,-0.6583472770568082,-0.4845435959138108,0.2813847425593261,3
2020-10-29,-0.553011712727719,-0.5161442652125376,0.27766337872787483,3
2020-10-30,-0.30283974744613174,-0.5372113780783555,0.25006799410637626,3
2020-11-02,-0.8426845146327142,-0.5293112107536737,0.2367122401107828,3
2020-11-03,-0.09216861878795313,-0.4898103741302653,0.29580239887393395,3
2020-11-05,-0.06583472770568077,-0.37130786426003975,0.3283034699800075,3
2020-11-06,0.0,-0.26070552171449596,0.344536472755147,3
2020-11-09,-0.3291736385284041,-0.26597229993095045,0.3455413938706781,3
2020-11-10,-0.23700501974045096,-0.14483640095249778,0.13459941877771686,3
2020-11-11,0.07900167324681706,-0.11060234254554376,0.16877333064592073,3
2020-11-12,-0.07900167324681684,-0.11323573165377096,0.1680011442073905,3
2020-11-13,-0.23700501974045052,-0.16063673560186106,0.16136896208212875,3
2020-11-16,-1.000687861126348,-0.2949395801214499,0.4157086429551581,3
2020-11-17,-0.28967280190499567,-0.3054731365543588,0.414539277367384,3
2020-11-18,-0.30283974744613174,-0.3818414206929486,0.35721027811930145,3
2020-11-19,-0.0921686187879529,-0.38447480980117577,0.35445749992613784,3
2020-11-20,-0.19750418311704232,-0.37657464247649414,0.3589773983340962,3
2020-11-23,-0.4740100394809015,-0.27123907814740483,0.1413838139535012,3
2020-11-24,-0.2238380741993149,-0.25807213260626866,0.14230051134961919,3
2020-11-25,-0.6715142225979442,-0.33180702763663117,0.23597870181119834,3
2020-11-26,-0.6056794948922632,-0.43450920285749317,0.21655522862752094,3
2020-11-27,-0.3160066929872678,-0.4582097048315383,0.18884356269008368,3
2020-11-30,-0.5530117127277188,-0.47401003948090176,0.19373763310782605,3
2020-12-01,-0.7505158958447613,-0.5793456038099911,0.16471843609392328,3
2020-12-02,-0.18433723757590625,-0.4819102068055835,0.22836206171095988,3
2020-12-03,-0.2106711286581786,-0.40290853355876655,0.2427150612741757,3
2020-12-04,-0.15800334649363368,-0.3713078642600397,0.2660244411390444,3
2020-12-07,-0.28967280190499567,-0.3186400820954951,0.24640136545910757,3
2020-12-08,-0.3291736385284041,-0.23437163063222366,0.07235832597202732,3
2020-12-09,-0.026333891082272354,-0.20277096133349687,0.11908626960926116,3
2020-12-10,0.14483640095249806,-0.13166945541136155,0.19507530814245203,3
2020-12-11,0.3818414206929486,-0.023700501974045097,0.2987185024875538,3
2020-12-14,-0.5530117127277188,-0.07636828413858972,0.3716485544240444,3
2020-12-15,-0.2238380741993149,-0.05530117127277188,0.35640856736750054,3
2020-12-16,0.09216861878795335,-0.031600669298726736,0.36270095611316894,3
2020-12-17,-0.4608430939397654,-0.15273656827717944,0.389216335573136,3
2020-12-18,-0.11850250987022548,-0.2528053543898142,0.2604260731000753,3
2020-12-21,-0.8163506235504419,-0.30547313655435887,0.34816551186808453,3
2020-12-22,-0.21067112865817883,-0.3028397474461316,0.34898615954716605,3
2020-12-23,0.10533556432908942,-0.30020635833790443,0.3527414634965747,3
2020-12-24,0.22383807419931445,-0.16327012471008845,0.40396995752357506,3
2020-12-25,0.15800334649363368,-0.10796895343731663,0.4297348928602763,3
2020-12-26,0.13456016633380344,0.08221320453953243,0.1694534079677735,3
2020-12-28,0.10533556432908942,0.14541454313698607,0.049089700484395676,3
2020-12-29,0.013166945541136066,0.1269808193793954,0.07717396977661073,3
2020-12-30,0.15800334649363368,0.11381387383825925,0.06028580584849881,3
2020-12-31,-0.30283974744613174,0.021645255050306168,0.1895453591733737,3
2021-01-04,-0.14543533197962488,-0.034353844612379496,0.18920651567374877,3
2021-01-08,-0.1290860687795147,-0.0812381712341003,0.17440383109680854,3
2021-01-11,-0.2765058563638596,-0.13917273161509944,0.18309960510256912,3
2021-01-12,-0.8953522967972587,-0.34984386027327796,0.3145171508452696,3
2021-01-13,-0.18433723757590625,-0.32614335829923286,0.32328727135019514,3
2021-01-14,-0.18433723757590625,-0.3339237394184891,0.31828036096917955,3
2021-01-15,-0.6978481136802164,-0.44767614839862946,0.32825065835415623,3
2021-01-18,-0.8295175690915784,-0.5582784909441731,0.3486879656793736,3
2021-01-19,-0.3818414206929488,-0.45557631572331114,0.2962709042538387,3
2021-01-20,-0.17117029203476997,-0.45294292661508395,0.29932727487427757,3
2021-01-21,-0.3818414206929488,-0.4924437632384924,0.2662198797165058,3
2021-01-22,-0.671514222597944,-0.487176985022038,0.2613564065103413,3
2021-01-25,-1.2640267719490716,-0.5740788255935366,0.42478451930653255,3
2021-01-26,-0.3686744751518125,-0.5714454364853094,0.4263122696499671,3
2021-01-27,-0.17117029203476997,-0.5714454364853093,0.4263122696499671,3
2021-01-28,0.27650585636385916,-0.4397759810739478,0.5751860763732876,3
2021-01-29,-0.4081753117752207,-0.3871081989094031,0.5605315787579731,3
2021-02-01,-0.4476761483986298,-0.22383807419931476,0.29924038321589636,3
2021-02-02,-0.39500836623408486,-0.22910485241576922,0.30263931455582366,3
2021-02-03,-0.4740100394809017,-0.28967280190499556,0.31805737442224774,3
2021-02-04,-0.3818414206929486,-0.4213422573163571,0.038387913026208746,3
2021-02-05,-0.06583472770568055,-0.3528741405024491,0.1648236538856144,3
2021-02-08,-0.7900167324681695,-0.42134225731635705,0.25852183535920387,3
2021-02-09,-0.5135108761043101,-0.44504275929040205,0.26092487852378254,3
2021-02-10,0.2238380741993149,-0.30547313655435876,0.3941735775852623,3
2021-02-11,-0.13166945541136155,-0.25543874349804135,0.39791633523250625,3
2021-02-12,-0.3423405840695404,-0.3107399147708133,0.38394686766169067,3
2021-02-15,-0.28967280190499567,-0.21067112865817855,0.27853614408233024,3
2021-02-16,-0.23700501974045118,-0.15536995738540677,0.22584286445812535,3
2021-02-17,-0.18433723757590625,-0.23700501974045102,0.08327507547477879,3
2021-02-18,-0.4740100394809019,-0.3054731365543591,0.11110280818992527,3
2021-02-19,-0.487176985022038,-0.3344404167448586,0.13859734774180862,3
2021-02-20,-0.2765058563638596,-0.3318070276366314,0.13978063122386444,3
2021-02-24,-0.8821853512561231,-0.46084309393976575,0.2687153911834452,3
2021-02-25,-0.5266778216454462,-0.5293112107536737,0.21981307598948863,3
2021-02-26,-0.355507529610676,-0.5056107087796285,0.23324455222440385,3
2021-03-01,-0.8821853512561226,-0.5846123820264455,0.28630159878840816,3
2021-03-02,-0.4476761483986298,-0.6188464404333995,0.247909494082237,3
2021-03-03,-0.23700501974045096,-0.4898103741302651,0.24445880306966827,3
2021-03-04,0.013166945541136066,-0.3818414206929487,0.3287783928723171,3
2021-03-05,0.01316694554113651,-0.3081065256625862,0.374344389676308,3
2021-03-09,-1.2508598264079351,-0.3818414206929487,0.5226298888013902,3
2021-03-10,0.02633389108227213,-0.28703941279676826,0.549978129778629,3
2021-03-11,-0.316006692987268,-0.3028397474461317,0.5493157522994302,3
2021-03-12,-0.5398447671865823,-0.4134420899916753,0.5249137884890644,3
2021-03-15,-0.6188464404333995,-0.5398447671865826,0.4696928345620465,3
2021-03-16,-0.5135108761043101,-0.39237497712585756,0.25925846169071226,3
2021-03-17,-0.40817531177522093,-0.4792768176973562,0.11835612005539274,3
2021-03-18,-0.46084309393976586,-0.5082440978878557,0.07987464641363838,3
2021-03-19,-0.5925125493511274,-0.5187776543207647,0.08813005604655957,3
2021-03-22,-0.8163506235504419,-0.5582784909441733,0.15953209450408642,3
2021-03-23,0.0921686187879529,-0.4371425919657206,0.3352274339240748,3
2021-03-24,-0.5925125493511272,-0.4740100394809019,0.3413262393686444,3
2021-03-25,-0.869018405714987,-0.5556451018359461,0.3835854633056507,3
2021-03-26,-2.514886598357007,-0.940119911637122,0.9600409974036516,3
2021-03-29,-1.0138548066674846,-0.9796207482605306,0.9577357783315162,3
2021-03-30,-0.250171965281587,-1.0480888650744384,0.8701946547980169,3
2021-03-31,0.0,-0.9295863552042132,0.9810302256267953,3
